{
  "f1": 0.6800338433989436,
  "accuracy": 0.6806122448979591
}