{
  "accuracy": 0.9327891156462585,
  "f1": 0.9325083357168918,
  "precision": 0.9328794308975735,
  "recall": 0.9327891156462585
}